キーワード,タイトル,URL
長野 お土産,長野で絶対買いたい！県民が選ぶおすすめお土産ランキングTOP15 ...,https://retrip.jp/articles/4209/
長野 お土産,【長野】絶対買いたい！美味しいお土産おすすめ28選！名物や人気スイーツも,https://www.jalan.net/news/article/273125/
長野 お土産,長野お土産10選！名物おかきや信州そば、りんごパイなどのスイーツに ...,https://tabichannel.com/article/222/nagano_souvenirs
長野 お土産,これを買えばハズさない！長野でおすすめのお土産20選 - macaroni,https://macaro-ni.jp/48386
長野 お土産,【楽天市場】長野 お土産の通販,https://search.rakuten.co.jp/search/mall/%E9%95%B7%E9%87%8E+%E3%81%8A%E5%9C%9F%E7%94%A3/
長野 お土産,長野のうまいお土産11選！信州っ子が本気で選んだ決定版 | icotto（イコット）,https://icotto.jp/presses/1945
長野 お土産,長野に行ったら買いたいおすすめのお土産21選 - おすすめ旅行を探すなら ...,https://www.travelbook.co.jp/topic/13884
長野 お土産,お土産・名産品・その他 - MIDORI 長野 - ステーションビルMIDORI（長野店 ...,https://www.eki-midori.com/nagano/shop-list/specialty/
長野 お土産,【2018年！長野で人気のお土産・手土産】絶対外さないおすすめの逸品 ...,https://ippin.gnavi.co.jp/cat-102000000000/tag-0001800/
長野 お土産,《信州・長野》で見つけた、キナリノ女子におすすめの「可愛くって美味しいお ...,https://kinarino.jp/cat8-%E6%97%85%E8%A1%8C%E3%83%BB%E3%81%8A%E5%87%BA%E3%81%8B%E3%81%91/26100-%E3%80%8A%E4%BF%A1%E5%B7%9E%E3%83%BB%E9%95%B7%E9%87%8E%E3%80%8B%E3%81%A7%E8%A6%8B%E3%81%A4%E3%81%91%E3%81%9F%E3%80%81%E3%82%AD%E3%83%8A%E3%83%AA%E3%83%8E%E5%A5%B3%E5%AD%90%E3%81%AB%E3%81%8A%E3%81%99%E3%81%99%E3%82%81%E3%81%AE%E3%80%8C%E5%8F%AF%E6%84%9B%E3%81%8F%E3%81%A3%E3%81%A6%E7%BE%8E%E5%91%B3%E3%81%97%E3%81%84%E3%81%8A%E5%9C%9F%E7%94%A315%E5%93%81%E3%80%8D
小布施 お土産,もらって嬉しい！小布施でおすすめの人気お土産10選 | 旅時間,https://tabijikan.jp/2018/03/19/38263/
小布施 お土産,【栗の街・小布施】おすすめの栗のスイーツ＆お菓子8選 | icotto（イコット）,https://icotto.jp/presses/10746
小布施 お土産,お買い物｜信州小布施 案内図録 小布施日和｜小布施文化観光協会,http://www.obusekanko.jp/enjoys/buy/
小布施 お土産,お買い物｜信州小布施 案内図録 小布施日和｜小布施文化観光協会,http://www.obusekanko.jp/enjoys/buy/index.php?page=all
小布施 お土産,小布施のおすすめおみやげ情報（15件） - ことりっぷ編集部おすすめ,https://co-trip.jp/search/pref:20/district:306040500/tag:21/
小布施 お土産,長野県小布施でおすすめのお土産5選！栗を使ったお菓子が人気 ...,https://skyticket.jp/guide/258934
小布施 お土産,長野・戸隠・小布施お土産ランキングTOP10 - じゃらんnet,https://www.jalan.net/omiyage/160000/160200/
小布施 お土産,ここは外せない！旬の新栗が楽しめる、信州小布施の老舗栗菓子店3店 ...,https://kinarino.jp/cat8-%E6%97%85%E8%A1%8C%E3%83%BB%E3%81%8A%E5%87%BA%E3%81%8B%E3%81%91/15015-%E3%81%93%E3%81%93%E3%81%AF%E5%A4%96%E3%81%9B%E3%81%AA%E3%81%84%EF%BC%81%E6%97%AC%E3%81%AE%E6%96%B0%E6%A0%97%E3%81%8C%E6%A5%BD%E3%81%97%E3%82%81%E3%82%8B%E3%80%81%E4%BF%A1%E5%B7%9E%E5%B0%8F%E5%B8%83%E6%96%BD%E3%81%AE%E8%80%81%E8%88%97%E6%A0%97%E8%8F%93%E5%AD%90%E5%BA%973%E5%BA%97
小布施 お土産,長野・小布施参りに行ったら絶対買ってもらいたい地元和菓子店が作る人気 ...,https://ippin.gnavi.co.jp/article-7203/
小布施 お土産,栗菓子の小布施堂 栗と北斎と花の町、信州小布施へおいでください。,http://www.obusedo.com/
安曇野 お土産,もらって嬉しい！安曇野でおすすめの人気お土産7選 | 旅時間,https://tabijikan.jp/2018/03/27/38529/
安曇野 お土産,食事・土産お店一覧 – 安曇野公式観光サイト 信州あづみのの旅,http://www.azumino-e-tabi.net/diningtop/dininglist
安曇野 お土産,【長野】安曇野の特産品を活かしたおみやげを購入できるお店5選 ...,https://www.travelbook.co.jp/topic/4884
安曇野 お土産,松本・安曇野・白馬で必ず寄りたい!おすすめのショッピング・おみやげ ...,https://www.mapple.net/spot_article/600d6ceb60b23e5e7504dd698cb604f4/
安曇野 お土産,安曇野・大町でおすすめのお土産 - じゃらんnet,https://www.jalan.net/omiyage/160000/162400/
安曇野 お土産,安曇野・穂高のおすすめおみやげ情報（13件） - ことりっぷ編集部おすすめ,https://co-trip.jp/search/pref:20/district:306060200/tag:21/
安曇野 お土産,安曇野のおすすめお土産ランキング5！人気のわさびやお菓子など【2018年】,https://platabi.com/2758
安曇野 お土産,安曇野のとっておき人気スイーツ20選 - Retty,https://retty.me/area/PRE20/ARE273/SUB55902/LCAT9/CAT390/
安曇野 お土産,安曇野スイス村 売店・おみやげ - Janis,http://www.dia.janis.or.jp/~swiss-v/omiya/omiya.html
安曇野 お土産,長野県安曇野市のお土産一覧 - NAVITIME,https://www.navitime.co.jp/category/0211001/20220/
松本 お土産,もらって嬉しい！松本でおすすめの人気お土産ランキングTOP10 | 旅時間,https://tabijikan.jp/2017/04/15/32606/
松本 お土産,もらって嬉しい！松本でおすすめの人気お土産ランキングTOP10 | 旅時間,https://tabijikan.jp/2017/04/15/32606/
松本 お土産,松本といえばこれ！人気ランキング上位のお土産25選 - おすすめ旅行を ...,https://www.travelbook.co.jp/topic/17463
松本 お土産,とっておきの松本のお土産銘菓と名産品7選 - みちくさガイド - 星野リゾート,https://www.hoshinoresorts.com/guide/area/nagano/matsumoto/omiyage7sen
松本 お土産,【松本土産】わたしが購入したオススメ松本土産5選！あれこれ紹介！ - け ...,https://www.kedamatoriko.com/entry/omiyage/matome/matsumoto/
松本 お土産,お土産・名産品・その他 - MIDORI 松本 - ステーションビルMIDORI（長野店 ...,https://www.eki-midori.com/matsumoto/shop-list/specialty/
松本 お土産,長野のうまいお土産11選！信州っ子が本気で選んだ決定版 | icotto（イコット）,https://icotto.jp/presses/1945
松本 お土産,松本のおすすめおみやげ情報（51件） - ことりっぷ編集部おすすめ,https://co-trip.jp/search/pref:20/district:306060100/tag:21/
松本 お土産,松本駅のおすすめ15選・お土産ランキングTOP10！オシャレなスイーツや ...,https://omiyadata.com/jp/station/matsumoto/
松本 お土産,老舗の味を堪能！長野県・松本市の絶対外せないおすすめのお土産32選 ...,https://www.compathy.net/magazine/2017/04/17/matsumoto-souvenir/
松本 お土産,松本でお土産を買うならコレ！地元の人が教える、オススメのおみやげ特集 ...,http://magaobu.com/matsumotomiyage/
塩尻 お土産,ナナブンノ | 塩尻で買えるお土産人気ベスト5を調べてみました！,http://nanabunno.com/3120/%E5%A1%A9%E5%B0%BB%E3%81%A7%E8%B2%B7%E3%81%88%E3%82%8B%E3%81%8A%E5%9C%9F%E7%94%A3%E4%BA%BA%E6%B0%97%E3%83%99%E3%82%B9%E3%83%885%E3%82%92%E8%AA%BF%E3%81%B9%E3%81%A6%E3%81%BF%E3%81%BE%E3%81%97%E3%81%9F/
塩尻 お土産,長野県塩尻市のお土産一覧 - NAVITIME,https://www.navitime.co.jp/category/0211001/20215/
塩尻 お土産,【長野みやげ】地元の人が知っている美味しいお土産ランキング【1ページ ...,https://pmall.gpoint.co.jp/g-ranking/ranking.php?themeid=8944
塩尻 お土産,【塩尻市観光センター物産店】アクセス・営業時間・料金情報 - じゃらんnet,https://www.jalan.net/kankou/spt_20215ga3552092883/
塩尻 お土産,乗り継ぎ時間を利用してお土産購入 - 塩尻駅の口コミ - トリップアドバイザー,https://www.tripadvisor.jp/ShowUserReviews-g1021320-d9560428-r503015292-Shiojiri_Station-Shiojiri_Nagano_Prefecture_Koshinetsu_Chubu.html
塩尻 お土産,松本・塩尻のスイーツがおすすめの人気店 | ヒトサラ,https://hitosara.com/GC1102/nagano/T20001/
塩尻 お土産,塩尻観光センター内チロルの森物販店 - お土産・民芸品 / 塩尻地区 - ずく ...,https://www.zukulabo.net/shop/shop.shtml?s=2255
塩尻 お土産,魅力ある塩尻 | 塩尻市 観光協会 ｜ 時めぐり,https://tokimeguri.jp/charm
塩尻 お土産,【信州土産】わたしが食べた人気の信州土産紹介するよ！老舗の味を食べ ...,https://www.kedamatoriko.com/entry/matsumoto/souvenir/shinshu/
塩尻 お土産,塩尻市でおすすめの「お土産」を教えてください！ | ここから、,http://cocokara.shiojiri.com/bbs/thread/9
諏訪 お土産,諏訪大社の参拝ついでに購入したい！諏訪の名物グルメ土産7選  観光 ...,https://gurutabi.gnavi.co.jp/a/a_2260/
諏訪 お土産,もらって嬉しい！諏訪でおすすめの人気お土産7選 | 旅時間,https://tabijikan.jp/2018/08/04/39728/
諏訪 お土産,長野県・諏訪市でおすすめのお土産を紹介！ - Compathy,https://www.compathy.net/magazine/2017/05/17/suwa-sightseeing/
諏訪 お土産,諏訪地域のお土産アクセスランキング | 諏訪地方観光連盟,https://www.suwa-tourism.jp/ranking/miyage.php
諏訪 お土産,お土産ガイド | 諏訪市観光ガイド｜諏訪観光協会 公式サイト,https://suwakanko.jp/shop/
諏訪 お土産,旅行・観光に 諏訪エリアのオススメなお土産 ランキング | ランキングシェア ...,https://www.rankingshare.jp/rank/nblyxxclvv
諏訪 お土産,お土産 Souvenir | 下諏訪観光協会,https://shimosuwaonsen.jp/omiyage/
諏訪 お土産,蓼科・諏訪で必ず寄りたい!おすすめのショッピング・おみやげ、観光・旅行 ...,https://www.mapple.net/spot_list/a0306020000_g02000000/
諏訪 お土産,諏訪のお土産を買うなら「おぎのや」諏訪インター店 | CANDEO Times,http://candeo-times.com/ogino-ya-2223.html
諏訪 お土産,諏訪市推せんみやげ品,http://www.city.suwa.lg.jp/web/syoukou/miyage/
上田 お土産,長野県民が選ぶ！上田駅で買いたいおすすめお土産10選 ｜ VOKKA ...,https://vokka.jp/11541
上田 お土産,もらって嬉しい！上田でおすすめの人気お土産6選 | 旅時間,https://tabijikan.jp/2018/05/28/38515/
上田 お土産,長野のうまいお土産11選！信州っ子が本気で選んだ決定版 | icotto（イコット）,https://icotto.jp/presses/1945
上田 お土産,グルメ・お土産／上田市役所,http://www.city.ueda.nagano.jp/kankojoho/gurume/index.html
上田 お土産,上田駅でお土産なら絶対外せないのがこれ！お勧め土産7選,https://simple-yuumin.com/uedastation-gift-3556
上田 お土産,【長野県上田市】上田の鉄板みやげ - NAVER まとめ,https://matome.naver.jp/odai/2140111985568464501
上田 お土産,上田駅のお土産ランキングTOP10・おすすめ15選！人気の真田幸村や六文 ...,https://omiyadata.com/jp/shinkansen/ueda/
上田 お土産,上田市のおみやげ（お土産）のご案内 | 長野県信州上田観光ガイド【信州 ...,http://www.ueda-cb.gr.jp/omiyage/
上田 お土産,上田駅のとっておき人気スイーツ20選 - Retty,https://retty.me/area/PRE20/ARE227/SUB22701/STAN8291/LCAT9/CAT390/
上田 お土産,上田でこだわりの和菓子20選〜人気店から穴場まで〜 - Retty,https://retty.me/area/PRE20/ARE227/SUB22701/LCAT9/CAT166/
軽井沢 お土産,もらって嬉しい！軽井沢でおすすめの人気お土産20選 | 旅時間,https://tabijikan.jp/2016/07/09/23012/
軽井沢 お土産,軽井沢のお土産、コレに決めた！絶対喜ばれる人気のお土産15選 ...,https://travel.navitime.com/ja/area/jp/guide/NTJngn1005/
軽井沢 お土産,【軽井沢お土産】絶対に買いたいおすすめ17選！絶品スイーツに定番ジャムも,https://www.jalan.net/news/article/229709/
軽井沢 お土産,軽井沢のお土産はコレに決まり  絶対喜ばれちゃうお土産7選 | icotto（イコット）,https://icotto.jp/presses/10217
軽井沢 お土産,【軽井沢】お土産はどこで買う？軽井沢駅周辺お土産スポットまとめ ... - aumo,https://aumo.jp/articles/22629
軽井沢 お土産,軽井沢のお土産ならこれで決まり！絶対はずさない商品決定版7選 - マカロニ,https://macaro-ni.jp/9439
軽井沢 お土産,軽井沢に行ったら買って帰ろう。老舗からプチプライスまで、きっと喜ばれる ...,https://kinarino.jp/cat8-%E6%97%85%E8%A1%8C%E3%83%BB%E3%81%8A%E5%87%BA%E3%81%8B%E3%81%91/21407-%E8%BB%BD%E4%BA%95%E6%B2%A2%E3%81%AB%E8%A1%8C%E3%81%A3%E3%81%9F%E3%82%89%E8%B2%B7%E3%81%A3%E3%81%A6%E5%B8%B0%E3%82%8D%E3%81%86%E3%80%82%E8%80%81%E8%88%97%E3%81%8B%E3%82%89%E3%83%97%E3%83%81%E3%83%97%E3%83%A9%E3%82%A4%E3%82%B9%E3%81%BE%E3%81%A7%E3%80%81%E3%81%8D%E3%81%A3%E3%81%A8%E5%96%9C%E3%81%B0%E3%82%8C%E3%82%8B%E3%81%8A%E5%9C%9F%E7%94%A3%E6%A1%88%E5%86%85
軽井沢 お土産,軽井沢のお土産人気ランキングTOP21！お菓子や雑貨・名産品など ...,https://travel-noted.jp/posts/18690
軽井沢 お土産,軽井沢のお土産特集！定番や人気のお菓子だけでなく雑貨も！ | Pokke ...,https://blog.pokke.in/karuizawa-souvenir/
軽井沢 お土産,おみやげ | 軽井沢観光協会公式ホームページ(Karuizawa Official Travel ...,https://karuizawa-kankokyokai.jp/shop/
佐久 お土産,お土産・特産｜信州佐久 旅の観光ガイド｜長野県佐久市観光協会,http://www.sakukankou.jp/omiyage/
佐久 お土産,佐久のおみやげ｜お土産・特産｜信州佐久 旅の観光ガイド｜長野県佐久 ...,http://www.sakukankou.jp/omiyage/souvenirs/
佐久 お土産,長野のうまいお土産11選！信州っ子が本気で選んだ決定版 | icotto（イコット）,https://icotto.jp/presses/1945
佐久 お土産,長野新幹線タイプあさまに乗って佐久平駅周辺おすすめお土産TOP15 ...,https://retrip.jp/articles/17452/
佐久 お土産,プラザ佐久 - 佐久市振興公社,http://www.shinkou-saku.or.jp/plazasaku/
佐久 お土産,【プラザ佐久 「佐久市のお土産品」】アクセス・営業時間・料金情報 - じゃらん ...,https://www.jalan.net/kankou/spt_20217ga3550160846/
佐久 お土産,軽井沢・佐久・小諸でおすすめのお土産 - じゃらんnet,https://www.jalan.net/omiyage/160000/161400/
佐久 お土産,【お土産総選挙】佐久に来たら何を買う!? 佐久市のお土産アンケート、結果 ...,https://twitter.com/i/moments/812680227784572928
佐久 お土産,上田・小諸・佐久のお土産 人気ランキング  観光・旅行ガイド - ぐるたび,https://gurutabi.gnavi.co.jp/i/p20/n2008/gl3/
佐久 お土産,長野県佐久市のお土産一覧 - NAVITIME,https://www.navitime.co.jp/category/0211001/20217/
伊那 お土産,伊那市観光協会 推奨みやげ品 【菓子】 – 一般社団法人 伊那市観光協会 ...,https://inashi-kankoukyoukai.jp/contents/archives/4768
伊那 お土産,推奨おみやげ品 – 一般社団法人 伊那市観光協会 公式ホームページ,https://inashi-kankoukyoukai.jp/contents/archives/category/suishoomiyage
伊那 お土産,お土産品 - 信州伊那谷観光情報 ｜一般社団法人 長野 ... - 上伊那観光連盟,http://www.inadanikankou.jp/category/category/buy/souvenir
伊那 お土産,伊那のとっておき人気スイーツ20選 - Retty,https://retty.me/area/PRE20/ARE298/SUB56003/LCAT9/CAT390/
伊那 お土産,長野のうまいお土産11選！信州っ子が本気で選んだ決定版 | icotto（イコット）,https://icotto.jp/presses/1945
伊那 お土産,絶大な人気を誇る「かんてんぱぱ」をはじめ、伊那市のお土産4選をご紹介 ...,https://skyticket.jp/guide/258189
伊那 お土産,長野県 高遠＊伊那周辺のオススメなお土産  ランキング | ランキングシェア ...,https://www.rankingshare.jp/rank/bblbghlihh
伊那 お土産,長野県伊那市のお土産一覧 - NAVITIME,https://www.navitime.co.jp/category/0211001/20209/
伊那 お土産,伊那・駒ヶ根のお土産 人気ランキング  観光・旅行ガイド - ぐるたび,https://gurutabi.gnavi.co.jp/i/p20/n2010/gl3/
伊那 お土産,伊那谷のおみやげの中で一番美しい | 巣ごもりのいと忠,http://www.sugomori.co.jp/voice/677.html
阿智村 お土産,昼神温泉で大人気！おすすめのお土産15選！｜TapTrip,https://taptrip.jp/14031/
阿智村 お土産,昼神温泉で大人気！おすすめのお土産15選！｜TapTrip,https://taptrip.jp/14031/
阿智村 お土産,スターグッズ｜スタービレッジ阿智,http://sva.jp/goods/
阿智村 お土産,オススメのお土産ショップ – 南信州 昼神温泉公式観光サイト,http://hirugamionsen.jp/blog/todayshirugami/%E3%82%AA%E3%82%B9%E3%82%B9%E3%83%A1%E3%81%AE%E3%81%8A%E5%9C%9F%E7%94%A3%E3%82%B7%E3%83%A7%E3%83%83%E3%83%97
阿智村 お土産,長野のうまいお土産11選！信州っ子が本気で選んだ決定版 | icotto（イコット）,https://icotto.jp/presses/1945
阿智村 お土産,長野県阿智村のおすすめ土産,https://skyticket.jp/guide/258830
阿智村 お土産,長野県下伊那郡阿智村のお土産一覧 - NAVITIME,https://www.navitime.co.jp/category/0211001/20407/
阿智村 お土産,【長野】絶対買いたい！美味しいお土産おすすめ28選！名物や人気スイーツ ...,https://www.jalan.net/news/article/273125/3/
阿智村 お土産,おみやげはここで - 昼神温泉朝市の口コミ - トリップアドバイザー,https://www.tripadvisor.jp/ShowUserReviews-g1120591-d3479400-r188989915-Hirugami_Onsen_Asaichi_Market-Achi_mura_Shimoina_gun_Nagano_Prefecture_Koshinet.html
阿智村 お土産,下伊那郡阿智村のお土産屋 - MapFan,https://mapfan.com/genres/430/20/407
阿智村 お土産,阿智村・飯田のお土産 人気ランキング  観光・旅行ガイド - ぐるたび,https://gurutabi.gnavi.co.jp/i/p20/n2005/gl3/
木曽 お土産,木曽お土産ランキングTOP10 - じゃらんnet,https://www.jalan.net/omiyage/220000/163200/
木曽 お土産,木曽でおすすめのお土産 - じゃらんnet,https://www.jalan.net/omiyage/160000/163200/
木曽 お土産,グルメ・お土産 - 木曽町観光協会,http://www.kankou-kiso.com/gourmet/index.html
木曽 お土産,グルメ・お土産 - 木曽観光連盟,http://www.kisoji.com/kisoji/gourmet/index.html
木曽 お土産,木曽馬籠宿お土産処 - 馬籠観光協会,http://www.kiso-magome.com/omiyage.html
木曽 お土産,長野県木曽郡木曽町のお土産一覧 - NAVITIME,https://www.navitime.co.jp/category/0211001/20432/
木曽 お土産,木曽のとっておき人気スイーツ11選 - Retty,https://retty.me/area/PRE20/ARE273/SUB55905/LCAT9/CAT390/
木曽 お土産,お土産を買いに立ち寄り - おみやげお食事センターの口コミ - トリップ ...,https://www.tripadvisor.jp/ShowUserReviews-g1120606-d10645702-r517405586-Omiyage_Oshokuji_Center-Kiso_machi_Kiso_gun_Nagano_Prefecture_Koshinetsu_Chubu.html
木曽 お土産,売店・お土産｜木曽福島温泉せせらぎの四季,http://www.kiso-spa.com/stand/
木曽 お土産,お土産処 - 道の駅 木曽福島,http://www.michinoeki-kisofukushima.jp/?cat=7
